# file	line (0-based)	column; generated by smoke-real-crates.py --update-corpus
src/ast/mod.rs	562	12
src/ast/mod.rs	1001	20
src/ast/mod.rs	1718	28
src/ast/parse.rs	565	16
src/ast/parse.rs	875	8
src/ast/parse.rs	976	8
src/ast/parse.rs	1360	8
src/ast/parse.rs	1542	32
src/ast/parse.rs	1944	8
src/ast/parse.rs	2146	12
src/ast/print.rs	260	12
src/ast/print.rs	266	12
src/ast/print.rs	303	8
src/error.rs	185	12
src/hir/interval.rs	145	8
src/hir/interval.rs	188	8
src/hir/interval.rs	345	12
src/hir/interval.rs	384	16
src/hir/interval.rs	498	12
src/hir/interval.rs	522	8
src/hir/literal.rs	176	16
src/hir/literal.rs	559	56
src/hir/literal.rs	563	8
src/hir/literal.rs	613	44
src/hir/literal.rs	1110	16
src/hir/literal.rs	1310	25
src/hir/literal.rs	1554	45
src/hir/literal.rs	1571	8
src/hir/literal.rs	1691	8
src/hir/literal.rs	1692	8
src/hir/literal.rs	1981	37
src/hir/literal.rs	1998	57
src/hir/literal.rs	2004	12
src/hir/literal.rs	2237	8
src/hir/literal.rs	2319	4
src/hir/mod.rs	279	8
src/hir/mod.rs	575	8
src/hir/mod.rs	629	8
src/hir/mod.rs	672	12
src/hir/mod.rs	1072	8
src/hir/mod.rs	1231	8
src/hir/mod.rs	1553	12
src/hir/mod.rs	2371	20
src/hir/mod.rs	2646	61
src/hir/mod.rs	2985	12
src/hir/translate.rs	506	20
src/hir/translate.rs	531	20
src/hir/translate.rs	538	16
src/hir/translate.rs	551	20
src/hir/translate.rs	609	12
src/hir/translate.rs	632	55
src/hir/translate.rs	785	12
src/hir/translate.rs	827	8
src/hir/translate.rs	1234	8
src/hir/visitor.rs	119	16
src/lib.rs	262	4
src/unicode.rs	290	8
src/unicode.rs	452	4
src/unicode.rs	683	8
src/utf8.rs	304	8
